TransactionID,TransactionAmt,ProductCD,card4,card6,hour,P_emaildomain,R_emaildomain,DeviceType,true_label,model_prediction,fraud_probability
3504956,107.0,W,mastercard,credit,0,aol.com,,,0,0,0.0014
3573472,34.0,W,visa,debit,16,frontier.com,,,1,0,0.0385
3503086,131.0,W,mastercard,credit,13,gmail.com,,,0,0,0.0057
3527029,171.0,W,visa,debit,19,yahoo.com,,,0,0,0.0172
3548165,17.46,C,mastercard,credit,23,gmail.com,gmail.com,mobile,1,1,0.9879
3555441,29.5,W,visa,debit,14,,,,0,0,0.0014
3487300,159.95,W,visa,debit,19,gmail.com,,,1,0,0.0426
3551571,107.95,W,mastercard,debit,0,anonymous.com,,,0,0,0.0013
3500193,200.0,R,visa,credit,14,gmail.com,gmail.com,desktop,1,1,0.384
3565453,59.0,W,visa,credit,2,,,,1,0,0.0382
3559524,75.0,R,mastercard,credit,22,comcast.net,outlook.com,mobile,1,1,0.4662
3493697,59.0,W,visa,debit,16,aol.com,,,1,1,0.9314
3545811,25.0,H,visa,debit,3,gmail.com,gmail.com,,0,0,0.008
3530712,97.0,W,visa,debit,22,yahoo.com,,,1,0,0.0219
3557904,117.0,W,visa,debit,13,gmail.com,,,0,0,0.0071
3506192,59.636,C,visa,credit,18,gmail.com,gmail.com,desktop,1,1,0.537
3546808,49.0,W,mastercard,credit,16,gmail.com,,,0,0,0.0085
3484804,77.0,W,visa,debit,22,gmail.com,,,0,0,0.0056
3490075,130.55,W,visa,debit,15,gmail.com,,,0,0,0.0022
3573958,49.0,W,visa,debit,19,yahoo.com,,,1,0,0.0225
